data,preco_fechamento,volume,ticker
2025-09-29,28.994089126586914,35720000,PETR4
2025-09-30,28.675073623657227,48611500,PETR4
2025-10-01,28.602155685424805,24817000,PETR4
2025-10-02,28.32871437072754,25497100,PETR4
2025-10-03,28.25579261779785,19756800,PETR4
2025-10-06,28.000579833984375,21245400,PETR4
2025-10-07,28.10084342956543,29068800,PETR4
2025-10-08,27.936777114868164,17687400,PETR4
2025-10-09,27.535724639892578,22879700,PETR4
2025-10-10,27.289630889892578,50214400,PETR4
2025-10-13,27.553956985473633,13890500,PETR4
2025-10-14,27.362545013427734,28138200,PETR4
2025-10-15,27.11644744873047,40261000,PETR4
2025-10-16,26.84300422668457,28660900,PETR4
2025-10-17,27.098217010498047,36238600,PETR4
2025-10-20,27.11644744873047,31442800,PETR4
2025-10-21,26.897693634033203,25509900,PETR4
2025-10-22,27.20759391784668,27088800,PETR4
2025-10-23,27.517498016357422,40060800,PETR4
2025-10-24,27.1984806060791,24370300,PETR4
2025-10-27,27.344314575195312,24771400,PETR4
2025-10-28,27.335201263427734,25324800,PETR4
2025-10-29,27.362545013427734,24854900,PETR4
2025-10-30,27.244050979614258,22657200,PETR4
2025-10-31,27.11644744873047,29516300,PETR4
2025-11-03,27.43546485900879,54977300,PETR4
2025-11-04,27.572185516357422,35035200,PETR4
2025-11-05,28.11907196044922,40375900,PETR4
2025-11-06,28.264909744262695,43435700,PETR4
2025-11-07,29.331335067749023,97315600,PETR4
2025-11-10,29.495405197143555,41064200,PETR4
2025-11-11,30.261045455932617,68221300,PETR4
2025-11-12,29.486286163330078,67646400,PETR4
2025-11-13,29.6138973236084,38517200,PETR4
2025-11-14,29.8053035736084,27371300,PETR4
2025-11-17,29.969371795654297,63708200,PETR4
2025-11-18,30.06963348388672,26520500,PETR4
2025-11-19,29.914682388305664,48719300,PETR4
2025-11-21,29.686811447143555,40869300,PETR4
2025-11-24,29.659469604492188,38665600,PETR4
2025-11-25,29.422483444213867,28431100,PETR4
2025-11-26,29.37691307067871,25042100,PETR4
2025-11-27,29.531864166259766,16087400,PETR4
2025-11-28,28.975862503051758,60420500,PETR4
2025-12-01,29.030550003051758,29489100,PETR4
2025-12-02,29.23107147216797,25574100,PETR4
2025-12-03,29.4498291015625,36630000,PETR4
2025-12-04,29.6412410736084,33009700,PETR4
2025-12-05,28.593042373657227,74495100,PETR4
2025-12-08,28.85736846923828,30271600,PETR4
2025-12-09,29.03966522216797,23863000,PETR4
2025-12-10,29.11258316040039,22123700,PETR4
2025-12-11,28.629499435424805,64927900,PETR4
2025-12-12,28.79356575012207,39659900,PETR4
2025-12-15,28.893827438354492,31898900,PETR4
2025-12-16,28.018808364868164,52661900,PETR4
2025-12-17,28.32871437072754,39337100,PETR4
2025-12-18,28.16464614868164,34311000,PETR4
2025-12-19,28.264909744262695,45807700,PETR4
2025-12-22,28.346942901611328,35896900,PETR4
2025-12-23,28.4993839263916,35703900,PETR4
2025-12-26,28.59341049194336,20178600,PETR4
2025-12-29,28.89429473876953,20588100,PETR4
2025-12-30,28.978919982910156,16880600,PETR4
2026-01-02,28.875490188598633,21625200,PETR4
2026-01-05,28.39595603942871,48211400,PETR4
2026-01-06,27.869407653808594,38095000,PETR4
2026-01-07,28.048057556152344,28132900,PETR4
2026-01-08,28.39595603942871,34125800,PETR4
2026-01-09,28.489980697631836,27982800,PETR4
2026-01-12,28.546398162841797,18947400,PETR4
2026-01-13,29.279802322387695,54097100,PETR4
2026-01-14,30.07902717590332,82309300,PETR4
2026-01-15,29.890975952148438,26456600,PETR4
2026-01-16,30.126041412353516,70947300,PETR4
2026-01-19,30.248271942138672,12852900,PETR4
2026-01-20,30.361106872558594,26300000,PETR4
2026-01-21,31.433008193969727,93270900,PETR4
2026-01-22,31.574047088623047,71516300,PETR4
2026-01-23,32.946834564208984,68642600,PETR4
2026-01-26,33.24771499633789,39869600,PETR4
2026-01-27,33.971717834472656,47268200,PETR4
2026-01-28,35.10943603515625,46054700,PETR4
2026-01-29,35.447933197021484,58722800,PETR4
2026-01-30,35.50434494018555,45794700,PETR4
2026-02-02,35.015411376953125,38505600,PETR4
2026-02-03,35.33510208129883,57152800,PETR4
2026-02-04,35.278682708740234,37955800,PETR4
2026-02-05,34.78974533081055,35933100,PETR4
2026-02-06,34.460655212402344,27681100,PETR4
2026-02-09,35.090633392333984,27089800,PETR4
2026-02-10,35.118839263916016,24585300,PETR4
2026-02-11,35.805233001708984,55863800,PETR4
2026-02-12,34.89317321777344,39856000,PETR4
2026-02-13,34.686317443847656,27507000,PETR4
2026-02-18,34.9683952331543,32276700,PETR4
2026-02-19,35.551361083984375,48355000,PETR4
2026-02-20,35.70180130004883,51949800,PETR4
2026-02-23,36.284767150878906,55061500,PETR4
2026-02-24,37.20622634887695,43263600,PETR4
2026-02-25,37.20622634887695,26012300,PETR4
2026-02-26,37.24383544921875,29919100,PETR4
2026-02-27,36.980560302734375,38799000,PETR4
2026-03-02,38.67303466796875,83817000,PETR4
2026-03-03,38.503787994384766,93893800,PETR4
2026-03-04,38.08066940307617,50915600,PETR4
2026-03-05,38.25931930541992,53107600,PETR4
2026-03-06,39.64150619506836,87228000,PETR4
2026-03-09,40.58177185058594,107124400,PETR4
2026-03-10,40.365509033203125,56706200,PETR4
2026-03-11,42.123802185058594,73234300,PETR4
2026-03-12,42.311859130859375,86124400,PETR4
2026-03-13,42.00156784057617,42520400,PETR4
2026-03-16,43.1204833984375,40474100,PETR4
2026-03-17,43.60941696166992,51025600,PETR4
2026-03-18,44.192378997802734,55074700,PETR4
2026-03-19,43.98552322387695,84865000,PETR4
2026-03-20,42.94182586669922,78125700,PETR4
2026-03-23,43.28032684326172,65252400,PETR4
2026-03-24,44.44625473022461,57455300,PETR4
2026-03-25,44.66250991821289,40532900,PETR4
2026-03-26,45.15144729614258,59986800,PETR4
2026-03-27,46.45841598510742,54170900,PETR4
2026-03-30,46.702880859375,51454300,PETR4
2026-03-31,45.76261901855469,78931700,PETR4
2026-04-01,44.54027557373047,66488400,PETR4
2026-04-02,45.273685455322266,38536900,PETR4
2026-04-06,46.0164909362793,27848100,PETR4
2026-04-07,45.612178802490234,33362800,PETR4
2026-04-08,43.825679779052734,87580500,PETR4
2026-04-09,45.03861999511719,58206500,PETR4
2026-04-10,46.10111618041992,42860900,PETR4
2026-04-13,46.80630874633789,60941100,PETR4
2026-04-14,45.019813537597656,58646800,PETR4
2026-04-15,44.08895492553711,61852100,PETR4
2026-04-16,45.67799758911133,54484300,PETR4
2026-04-17,43.45897674560547,105186900,PETR4
2026-04-20,44.21118927001953,41904500,PETR4
2026-04-22,44.82235336303711,51063000,PETR4
2026-04-23,45.54999542236328,38666800,PETR4
2026-04-24,44.968345642089844,34880200,PETR4
2026-04-27,45.168582916259766,31543600,PETR4
2026-04-28,45.31161880493164,29389700,PETR4
2026-04-29,46.684696197509766,47685000,PETR4
2026-04-30,46.79911804199219,36666100,PETR4
2026-05-04,47.04703903198242,41319600,PETR4
2026-05-05,46.39863967895508,28066500,PETR4
2026-05-06,45.07323455810547,62009100,PETR4
2026-05-07,44.0720329284668,71214500,PETR4
2026-05-08,43.54758834838867,32914200,PETR4
2026-05-11,44.27227020263672,50622200,PETR4
2026-05-12,43.557125091552734,81072700,PETR4
2026-05-13,42.49871063232422,57251900,PETR4
2026-05-14,42.90872573852539,47760000,PETR4
2026-05-15,43.35688400268555,59380500,PETR4
2026-05-18,44.28180694580078,57388200,PETR4
2026-05-19,43.94807434082031,40943000,PETR4
2026-05-20,42.52731704711914,52780200,PETR4
2026-05-21,42.861053466796875,57725900,PETR4
2026-05-22,42.41289138793945,39634300,PETR4
2026-05-25,41.38308334350586,26720900,PETR4
2026-05-26,41.42122268676758,36040500,PETR4
2026-05-27,40.83003616333008,53745400,PETR4
2026-05-28,40.53444290161133,37534800,PETR4
2026-05-29,40.04814529418945,73281800,PETR4
2026-06-01,40.40094757080078,73925300,PETR4
2026-06-02,40.304935455322266,27318300,PETR4
2026-06-03,39.99467468261719,42895100,PETR4
2026-06-05,39.6456298828125,34730900,PETR4
2026-06-08,39.96559143066406,34043600,PETR4
2026-06-09,39.91710662841797,56680400,PETR4
2026-06-10,40.382503509521484,44953200,PETR4
2026-06-11,40.48915481567383,52321500,PETR4
2026-06-12,39.92680740356445,34082200,PETR4
2026-06-15,37.87132263183594,54174000,PETR4
2026-06-16,37.367149353027344,36250100,PETR4
2026-06-17,37.39623260498047,66882000,PETR4
2026-06-18,37.66770935058594,53332600,PETR4
2026-06-19,37.619232177734375,44775800,PETR4
2026-06-22,37.97797393798828,35488200,PETR4
2026-06-23,38.13310623168945,27398600,PETR4
2026-06-24,37.124755859375,59191400,PETR4
2026-06-25,37.27988815307617,25152300,PETR4
2026-06-26,36.901756286621094,23383000,PETR4
2026-06-29,36.97932052612305,14924800,PETR4
2026-06-30,36.64966583251953,31974300,PETR4
2026-07-01,36.67875671386719,21094300,PETR4
2026-07-02,36.8047981262207,21888800,PETR4
2026-07-03,37.08597183227539,10369500,PETR4
2026-07-06,36.62057876586914,20811400,PETR4
2026-07-07,37.27018737792969,39823600,PETR4
2026-07-08,38.44336700439453,40215300,PETR4
2026-07-09,38.01675796508789,33386500,PETR4
2026-07-10,38.44336700439453,27316800,PETR4
2026-07-13,39.422630310058594,43045700,PETR4
2026-07-14,39.422630310058594,32649500,PETR4
2026-07-15,39.354759216308594,25608800,PETR4
2026-07-16,38.676063537597656,20551700,PETR4
2026-07-17,39.65532684326172,32168300,PETR4
2026-07-20,39.89772033691406,26987600,PETR4
2026-07-21,40.39219665527344,38631400,PETR4
2026-07-22,41.284202575683594,38292200,PETR4
2026-07-23,41.642940521240234,25257900,PETR4
2026-07-24,40.92546081542969,29151600,PETR4
2026-07-27,39.76197814941406,32902600,PETR4
2026-07-28,39.95589065551758,29946800,PETR4
2026-07-29,40.72185134887695,31465400,PETR4
2026-07-30,41.53628921508789,25268900,PETR4
2026-07-31,42.098636627197266,24997300,PETR4
2026-08-03,41.739898681640625,24400900,PETR4
2026-08-04,41.206634521484375,27216700,PETR4
2026-08-05,40.65398025512695,32365700,PETR4
2026-08-06,40.847896575927734,46662600,PETR4
2026-08-07,39.62623977661133,97926700,PETR4
2026-08-10,40.94485092163086,74915200,PETR4
2026-08-11,40.39219665527344,53988900,PETR4
2026-08-12,40.18859100341797,63890300,PETR4
2026-08-13,40.62489700317383,37063800,PETR4
2026-08-14,40.809112548828125,34127900,PETR4
2026-08-17,41.17755126953125,47636500,PETR4
2026-08-18,41.303592681884766,36838100,PETR4
2026-08-19,41.798072814941406,49580800,PETR4
2026-08-20,42.971248626708984,44893400,PETR4
2026-08-21,42.95185852050781,52792400,PETR4
2026-08-24,42.11000061035156,49502500,PETR4
2026-08-25,41.349998474121094,85920800,PETR4
2026-08-26,41.45000076293945,74631000,PETR4
2026-08-27,42.70000076293945,43197800,PETR4
2026-08-28,43.54999923706055,46135600,PETR4
2026-08-31,45.02000045776367,68431400,PETR4
2026-09-01,46.869998931884766,49726600,PETR4
2026-09-02,48.20000076293945,54091600,PETR4
2026-09-03,47.560001373291016,51488400,PETR4
2026-09-04,47.11000061035156,28838000,PETR4
2026-09-08,48.09000015258789,34388500,PETR4
2026-09-09,48.41999816894531,40391600,PETR4
2026-09-10,49.119998931884766,43955800,PETR4
2026-09-11,49.0,27610000,PETR4
2026-09-14,48.91999816894531,32098300,PETR4
2026-09-15,50.43000030517578,46559600,PETR4
2026-09-16,48.650001525878906,52457100,PETR4
2026-09-17,48.61000061035156,32429800,PETR4
2026-09-18,48.5,52733500,PETR4
2026-09-21,48.0,28757300,PETR4
2026-09-22,48.349998474121094,48852400,PETR4
2026-09-23,49.599998474121094,43570600,PETR4
2026-09-24,49.2599983215332,34675400,PETR4
2026-09-25,48.06999969482422,34445400,PETR4
2026-09-28,48.720001220703125,46903600,PETR4
2026-09-29,49.099998474121094,24110900,PETR4
2025-09-29,52.94483947753906,15580200,VALE3
2025-09-30,53.222137451171875,18280700,VALE3
2025-10-01,53.896888732910156,18278300,VALE3
2025-10-02,54.25736999511719,14824500,VALE3
2025-10-03,54.155696868896484,19240200,VALE3
2025-10-06,55.080013275146484,26102900,VALE3
2025-10-07,54.303585052490234,26072300,VALE3
2025-10-08,54.71953201293945,24609500,VALE3
2025-10-09,54.63634490966797,18184600,VALE3
2025-10-10,54.41450500488281,22970400,VALE3
2025-10-13,55.227901458740234,23294500,VALE3
2025-10-14,55.227901458740234,19329000,VALE3
2025-10-15,56.2538948059082,45104600,VALE3
2025-10-16,55.73627853393555,21358500,VALE3
2025-10-17,55.57914352416992,17325300,VALE3
2025-10-20,56.290870666503906,17798400,VALE3
2025-10-21,56.19843292236328,13432700,VALE3
2025-10-22,57.19669723510742,25267300,VALE3
2025-10-23,57.085777282714844,11217700,VALE3
2025-10-24,57.058048248291016,11127600,VALE3
2025-10-27,56.99334716796875,12018100,VALE3
2025-10-28,57.49247741699219,15797400,VALE3
2025-10-29,58.536956787109375,30844900,VALE3
2025-10-30,58.980628967285156,25586000,VALE3
2025-10-31,60.32088851928711,38988400,VALE3
2025-11-03,60.404075622558594,16985400,VALE3
2025-11-04,59.72932815551758,22055700,VALE3
2025-11-05,60.75532150268555,22505400,VALE3
2025-11-06,60.542720794677734,15939100,VALE3
2025-11-07,59.87721252441406,20800300,VALE3
2025-11-10,60.2746696472168,12689400,VALE3
2025-11-11,60.11753845214844,25496500,VALE3
2025-11-12,60.78304672241211,26550300,VALE3
2025-11-13,60.69985580444336,19058500,VALE3
2025-11-14,60.33012771606445,16374400,VALE3
2025-11-17,60.28391647338867,20150800,VALE3
2025-11-18,60.09904861450195,22468700,VALE3
2025-11-19,60.03434753417969,16523800,VALE3
2025-11-21,60.228458404541016,20272600,VALE3
2025-11-24,60.16374969482422,20462800,VALE3
2025-11-25,60.635154724121094,18275300,VALE3
2025-11-26,61.540985107421875,33408500,VALE3
2025-11-27,61.309906005859375,9739100,VALE3
2025-11-28,62.29892349243164,46007200,VALE3
2025-12-01,62.77956771850586,15657000,VALE3
2025-12-02,63.29719161987305,22567200,VALE3
2025-12-03,65.33992767333984,42361200,VALE3
2025-12-04,66.47683715820312,38019900,VALE3
2025-12-05,64.90550231933594,40196800,VALE3
2025-12-08,64.46182250976562,20860900,VALE3
2025-12-09,64.49879455566406,23081300,VALE3
2025-12-10,65.68191528320312,24454800,VALE3
2025-12-11,66.55078125,25687700,VALE3
2025-12-12,66.73731231689453,36483700,VALE3
2025-12-15,67.1458511352539,16841700,VALE3
2025-12-16,67.39875793457031,21953000,VALE3
2025-12-17,68.25473022460938,29375000,VALE3
2025-12-18,68.42981719970703,18430200,VALE3
2025-12-19,68.91617584228516,37147100,VALE3
2025-12-22,70.92967224121094,27853000,VALE3
2025-12-23,70.91022491455078,17140900,VALE3
2025-12-26,71.12422180175781,16368800,VALE3
2025-12-29,70.1515121459961,19963700,VALE3
2025-12-30,69.99588012695312,17085400,VALE3
2026-01-02,70.40441131591797,28418900,VALE3
2026-01-05,71.12422180175781,24958100,VALE3
2026-01-06,73.79915618896484,39536600,VALE3
2026-01-07,74.23686981201172,41501600,VALE3
2026-01-08,73.51707458496094,31894900,VALE3
2026-01-09,72.68054962158203,24801200,VALE3
2026-01-12,72.69999694824219,13129800,VALE3
2026-01-13,73.29335021972656,24539200,VALE3
2026-01-14,76.76590728759766,44225300,VALE3
2026-01-15,76.69781494140625,35503900,VALE3
2026-01-16,76.72699737548828,45910100,VALE3
2026-01-19,76.42546081542969,10678500,VALE3
2026-01-20,77.89424896240234,31198500,VALE3
2026-01-21,80.2481918334961,83134600,VALE3
2026-01-22,80.71509552001953,62515300,VALE3
2026-01-23,82.69940948486328,25432600,VALE3
2026-01-26,80.8026351928711,35741300,VALE3
2026-01-27,82.58268737792969,30922500,VALE3
2026-01-28,84.59618377685547,28473800,VALE3
2026-01-29,85.02417755126953,42013200,VALE3
2026-01-30,82.01851654052734,41681400,VALE3
2026-02-02,82.50486755371094,22289400,VALE3
2026-02-03,86.56105041503906,37709700,VALE3
2026-02-04,86.98904418945312,51744400,VALE3
2026-02-05,84.09037780761719,57049000,VALE3
2026-02-06,83.29275512695312,28889600,VALE3
2026-02-09,84.9269027709961,26531100,VALE3
2026-02-10,84.67400360107422,14177200,VALE3
2026-02-11,87.63101959228516,28395300,VALE3
2026-02-12,86.79450225830078,51472200,VALE3
2026-02-13,84.65454864501953,28644800,VALE3
2026-02-18,81.62943267822266,20898700,VALE3
2026-02-19,81.18199157714844,28410900,VALE3
2026-02-20,84.4405517578125,40577200,VALE3
2026-02-23,85.00472259521484,21193900,VALE3
2026-02-24,85.33544158935547,19760700,VALE3
2026-02-25,87.5143051147461,28707500,VALE3
2026-02-26,86.7750473022461,24503100,VALE3
2026-02-27,86.05524444580078,17328300,VALE3
2026-03-02,85.75370788574219,13952600,VALE3
2026-03-03,82.17415618896484,36088800,VALE3
2026-03-04,81.79479217529297,17605800,VALE3
2026-03-05,79.07122039794922,37872100,VALE3
2026-03-06,76.7075424194336,29504600,VALE3
2026-03-09,77.09662628173828,30576600,VALE3
2026-03-10,78.36114501953125,17172800,VALE3
2026-03-11,77.67052459716797,20865000,VALE3
2026-03-12,77.0771713256836,29136500,VALE3
2026-03-13,76.16283416748047,14416400,VALE3
2026-03-16,76.6880874633789,13591400,VALE3
2026-03-17,76.80481719970703,14222300,VALE3
2026-03-18,75.02476501464844,19412200,VALE3
2026-03-19,74.53840637207031,27262900,VALE3
2026-03-20,73.4878921508789,44208900,VALE3
2026-03-23,75.37493896484375,23384500,VALE3
2026-03-24,75.9682846069336,15700300,VALE3
2026-03-25,77.37871551513672,18658300,VALE3
2026-03-26,76.75618743896484,13518900,VALE3
2026-03-27,76.8437271118164,11101700,VALE3
2026-03-30,77.330078125,18776700,VALE3
2026-03-31,80.22874450683594,24956400,VALE3
2026-04-01,80.73454284667969,28514000,VALE3
2026-04-02,81.26953887939453,14019800,VALE3
2026-04-06,80.82208251953125,8680700,VALE3
2026-04-07,81.40571594238281,15312500,VALE3
2026-04-08,83.25384521484375,24942400,VALE3
2026-04-09,82.37841796875,17973100,VALE3
2026-04-10,83.25384521484375,24002400,VALE3
2026-04-13,84.97554016113281,24661900,VALE3
2026-04-14,85.88988494873047,18528400,VALE3
2026-04-15,86.02606201171875,24527300,VALE3
2026-04-16,85.05335998535156,13618900,VALE3
2026-04-17,87.30030822753906,30119000,VALE3
2026-04-20,86.30815124511719,16067700,VALE3
2026-04-22,84.83936309814453,13222100,VALE3
2026-04-23,83.62348175048828,12637500,VALE3
2026-04-24,83.52621459960938,11436400,VALE3
2026-04-27,83.16630554199219,8656600,VALE3
2026-04-28,82.08660888671875,13687500,VALE3
2026-04-29,77.27171325683594,43296200,VALE3
2026-04-30,78.96421813964844,17593900,VALE3
2026-05-04,76.51300811767578,18555600,VALE3
2026-05-05,76.25037384033203,16295600,VALE3
2026-05-06,79.01286315917969,17424200,VALE3
2026-05-07,77.884521484375,18912100,VALE3
2026-05-08,78.59459686279297,16782600,VALE3
2026-05-11,81.17225646972656,24868900,VALE3
2026-05-12,80.97772216796875,16503000,VALE3
2026-05-13,81.99906158447266,31641800,VALE3
2026-05-14,80.60809326171875,31954300,VALE3
2026-05-15,81.22090148925781,36318900,VALE3
2026-05-18,79.59648132324219,22668800,VALE3
2026-05-19,78.80858612060547,20334400,VALE3
2026-05-20,79.7618408203125,15669300,VALE3
2026-05-21,80.37464141845703,15156600,VALE3
2026-05-22,80.83181762695312,11443900,VALE3
2026-05-25,81.30844116210938,7059500,VALE3
2026-05-26,80.8026351928711,10409000,VALE3
2026-05-27,81.17225646972656,10613200,VALE3
2026-05-28,81.66834259033203,12798900,VALE3
2026-05-29,80.55945587158203,20839400,VALE3
2026-06-01,79.47002410888672,16605900,VALE3
2026-06-02,82.6799545288086,18457400,VALE3
2026-06-03,79.55757141113281,19308800,VALE3
2026-06-05,76.55191040039062,23008500,VALE3
2026-06-08,75.9391098022461,15671500,VALE3
2026-06-09,76.35736846923828,17523500,VALE3
2026-06-10,75.5792007446289,12469100,VALE3
2026-06-11,76.64918518066406,17725500,VALE3
2026-06-12,77.00907897949219,12112600,VALE3
2026-06-15,78.94477081298828,22329400,VALE3
2026-06-16,79.21712493896484,19713900,VALE3
2026-06-17,77.60243225097656,20268200,VALE3
2026-06-18,77.75807189941406,19651900,VALE3
2026-06-19,78.54595947265625,26305900,VALE3
2026-06-22,78.70159149169922,18089300,VALE3
2026-06-23,77.21334838867188,18415100,VALE3
2026-06-24,75.60839080810547,22558900,VALE3
2026-06-25,76.51300811767578,13882800,VALE3
2026-06-26,76.01692199707031,25251100,VALE3
2026-06-29,75.99746704101562,11791900,VALE3
2026-06-30,75.75428771972656,11289500,VALE3
2026-07-01,75.84183502197266,15414700,VALE3
2026-07-02,76.1044692993164,17199300,VALE3
2026-07-03,76.6880874633789,7793500,VALE3
2026-07-06,75.666748046875,12389100,VALE3
2026-07-07,74.12014770507812,16866100,VALE3
2026-07-08,70.7156753540039,29276700,VALE3
2026-07-09,71.15339660644531,18980500,VALE3
2026-07-10,72.15528106689453,22142400,VALE3
2026-07-13,70.86158752441406,16237900,VALE3
2026-07-14,71.98992919921875,14780100,VALE3
2026-07-15,72.47628021240234,15456000,VALE3
2026-07-16,70.988037109375,12989700,VALE3
2026-07-17,70.94913482666016,13491600,VALE3
2026-07-20,69.9666976928711,13137000,VALE3
2026-07-21,70.39469146728516,12581400,VALE3
2026-07-22,73.0501708984375,17992800,VALE3
2026-07-23,73.61434173583984,15826900,VALE3
2026-07-24,73.18634796142578,8637800,VALE3
2026-07-27,73.62406921386719,10921700,VALE3
2026-07-28,73.62406921386719,12270800,VALE3
2026-07-29,73.00154113769531,12265200,VALE3
2026-07-30,74.01314544677734,16732800,VALE3
2026-07-31,74.19796752929688,17353300,VALE3
2026-08-03,72.60272979736328,23582200,VALE3
2026-08-04,74.22714233398438,19784000,VALE3
2026-08-05,74.56759643554688,15107500,VALE3
2026-08-06,73.33226013183594,21991700,VALE3
2026-08-07,72.92372131347656,13038800,VALE3
2026-08-10,73.8575210571289,15094700,VALE3
2026-08-11,72.36927795410156,36211800,VALE3
2026-08-12,73.18000030517578,24930300,VALE3
2026-08-13,71.9000015258789,19535200,VALE3
2026-08-14,71.30000305175781,22933800,VALE3
2026-08-17,71.41000366210938,10007400,VALE3
2026-08-18,71.55000305175781,12466800,VALE3
2026-08-19,72.12999725341797,18624200,VALE3
2026-08-20,74.0199966430664,24999800,VALE3
2026-08-21,75.02999877929688,28372500,VALE3
2026-08-24,77.12999725341797,28776400,VALE3
2026-08-25,78.69999694824219,18033600,VALE3
2026-08-26,78.44999694824219,13673700,VALE3
2026-08-27,79.11000061035156,11544100,VALE3
2026-08-28,78.58000183105469,13040900,VALE3
2026-08-31,77.8499984741211,28004000,VALE3
2026-09-01,78.30000305175781,15755000,VALE3
2026-09-02,80.80000305175781,32989800,VALE3
2026-09-03,78.44999694824219,32356700,VALE3
2026-09-04,78.62000274658203,13868300,VALE3
2026-09-08,79.0199966430664,17890200,VALE3
2026-09-09,79.0999984741211,19118100,VALE3
2026-09-10,78.2300033569336,20768000,VALE3
2026-09-11,78.19999694824219,12231700,VALE3
2026-09-14,75.4800033569336,18635500,VALE3
2026-09-15,74.5999984741211,18100600,VALE3
2026-09-16,73.0,51929300,VALE3
2026-09-17,74.51000213623047,18802500,VALE3
2026-09-18,73.37000274658203,30622900,VALE3
2026-09-21,72.55000305175781,13471700,VALE3
2026-09-22,72.83000183105469,19696900,VALE3
2026-09-23,71.4800033569336,17696300,VALE3
2026-09-24,70.66000366210938,14430100,VALE3
2026-09-25,70.7699966430664,11387000,VALE3
2026-09-28,71.16000366210938,14403900,VALE3
2026-09-29,69.61000061035156,29094800,VALE3
2025-09-29,34.92399978637695,19124422,ITUB4
2025-09-30,35.08565139770508,33263438,ITUB4
2025-10-01,34.45463562011719,25519177,ITUB4
2025-10-02,34.077293395996094,17094601,ITUB4
2025-10-03,34.328857421875,17766985,ITUB4
2025-10-06,33.93354415893555,14832309,ITUB4
2025-10-07,33.39449691772461,20705472,ITUB4
2025-10-08,33.45737838745117,15395204,ITUB4
2025-10-09,33.40347671508789,18067539,ITUB4
2025-10-10,33.36753845214844,23250808,ITUB4
2025-10-13,33.5023078918457,8194989,ITUB4
2025-10-14,33.646053314208984,21154861,ITUB4
2025-10-15,33.646053314208984,21972166,ITUB4
2025-10-16,33.5651969909668,15847580,ITUB4
2025-10-17,33.68199157714844,17469315,ITUB4
2025-10-20,34.283931732177734,19114019,ITUB4
2025-10-21,33.96049499511719,14013871,ITUB4
2025-10-22,34.239017486572266,13890374,ITUB4
2025-10-23,34.21206283569336,11432588,ITUB4
2025-10-24,34.167137145996094,10169911,ITUB4
2025-10-27,34.45463562011719,11194349,ITUB4
2025-10-28,34.57143020629883,10478499,ITUB4
2025-10-29,35.34407424926758,27235466,ITUB4
2025-10-30,35.29916000366211,18657008,ITUB4
2025-10-31,35.43392562866211,16449821,ITUB4
2025-11-03,36.02503204345703,17968144,ITUB4
2025-11-04,35.91718292236328,20386481,ITUB4
2025-11-05,36.069984436035156,36312135,ITUB4
2025-11-06,36.069984436035156,23226500,ITUB4
2025-11-07,36.105926513671875,12706904,ITUB4
2025-11-10,36.34861373901367,16552409,ITUB4
2025-11-11,37.04969787597656,37289193,ITUB4
2025-11-12,36.204795837402344,36789128,ITUB4
2025-11-13,36.34861373901367,33686974,ITUB4
2025-11-14,36.49242401123047,17006742,ITUB4
2025-11-17,36.222782135009766,43985120,ITUB4
2025-11-18,36.04301071166992,17147337,ITUB4
2025-11-19,35.81831359863281,25766686,ITUB4
2025-11-21,35.926170349121094,16502454,ITUB4
2025-11-24,35.79134750366211,29014997,ITUB4
2025-11-25,35.87223434448242,30345963,ITUB4
2025-11-26,36.71713638305664,22251296,ITUB4
2025-11-27,36.5912971496582,9469408,ITUB4
2025-11-28,37.427207946777344,45311657,ITUB4
2025-12-01,37.13734436035156,15912985,ITUB4
2025-12-02,37.96461486816406,21175667,ITUB4
2025-12-03,37.96461486816406,23159653,ITUB4
2025-12-04,38.89979553222656,23199514,ITUB4
2025-12-05,37.10137939453125,39832160,ITUB4
2025-12-08,37.281219482421875,40458400,ITUB4
2025-12-09,37.200286865234375,24725047,ITUB4
2025-12-10,37.49306869506836,25643189,ITUB4
2025-12-11,37.46453857421875,21275268,ITUB4
2025-12-12,37.79726791381836,17595593,ITUB4
2025-12-15,38.367645263671875,17767809,ITUB4
2025-12-16,37.378990173339844,20379168,ITUB4
2025-12-17,37.04625701904297,31625017,ITUB4
2025-12-18,37.236392974853516,21898830,ITUB4
2025-12-19,37.57861328125,35446214,ITUB4
2025-12-22,37.654666900634766,15858704,ITUB4
2025-12-23,38.2725830078125,10490138,ITUB4
2025-12-26,38.284942626953125,12196300,ITUB4
2025-12-29,38.167442321777344,10657000,ITUB4
2025-12-30,38.412227630615234,13764900,ITUB4
2026-01-02,38.35167694091797,18846800,ITUB4
2026-01-05,38.91004943847656,24438700,ITUB4
2026-01-06,39.14515686035156,21959800,ITUB4
2026-01-07,38.51820373535156,20894500,ITUB4
2026-01-08,39.11576843261719,17209400,ITUB4
2026-01-09,39.03740310668945,17023600,ITUB4
2026-01-12,38.684749603271484,10672200,ITUB4
2026-01-13,38.371273040771484,17397400,ITUB4
2026-01-14,38.79249572753906,21222100,ITUB4
2026-01-15,39.12556838989258,19093500,ITUB4
2026-01-16,38.80228805541992,19742500,ITUB4
2026-01-19,38.74351501464844,7190900,ITUB4
2026-01-20,39.10597229003906,20693900,ITUB4
2026-01-21,40.820281982421875,39510800,ITUB4
2026-01-22,42.201534271240234,42959700,ITUB4
2026-01-23,42.681541442871094,41025100,ITUB4
2026-01-26,43.24972152709961,25371700,ITUB4
2026-01-27,44.39585876464844,40280000,ITUB4
2026-01-28,45.395057678222656,36337500,ITUB4
2026-01-29,45.20893478393555,36252700,ITUB4
2026-01-30,44.57218551635742,38117000,ITUB4
2026-02-02,44.962406158447266,28095400,ITUB4
2026-02-03,45.217201232910156,48570600,ITUB4
2026-02-04,43.72760772705078,48683500,ITUB4
2026-02-05,44.6096076965332,36014400,ITUB4
2026-02-06,45.815006256103516,38175900,ITUB4
2026-02-09,47.343807220458984,41656900,ITUB4
2026-02-10,47.45160675048828,43939300,ITUB4
2026-02-11,48.382598876953125,45819200,ITUB4
2026-02-12,47.27520751953125,42023800,ITUB4
2026-02-13,46.81460952758789,32353500,ITUB4
2026-02-18,47.03019714355469,23368500,ITUB4
2026-02-19,47.57900619506836,32026400,ITUB4
2026-02-20,48.24541091918945,31655900,ITUB4
2026-02-23,46.50100326538086,34148200,ITUB4
2026-02-24,47.20660400390625,38465900,ITUB4
2026-02-25,46.834205627441406,28980200,ITUB4
2026-02-26,46.71660232543945,26516600,ITUB4
2026-02-27,45.84440994262695,44765800,ITUB4
2026-03-02,45.01910400390625,47144000,ITUB4
2026-03-03,43.509315490722656,54352300,ITUB4
2026-03-04,44.126953125,27146100,ITUB4
2026-03-05,42.65637969970703,37085400,ITUB4
2026-03-06,42.08776092529297,26063600,ITUB4
2026-03-09,42.31325149536133,40970400,ITUB4
2026-03-10,42.94069290161133,50383100,ITUB4
2026-03-11,43.02892303466797,18482600,ITUB4
2026-03-12,41.852474212646484,27095200,ITUB4
2026-03-13,41.56816482543945,24896600,ITUB4
2026-03-16,42.156394958496094,17777300,ITUB4
2026-03-17,41.87207794189453,22436600,ITUB4
2026-03-18,41.45051193237305,23872800,ITUB4
2026-03-19,41.74462890625,32908000,ITUB4
2026-03-20,41.071353912353516,37660900,ITUB4
2026-03-23,42.28718566894531,27535500,ITUB4
2026-03-24,42.04995346069336,18609000,ITUB4
2026-03-25,42.60350036621094,35148900,ITUB4
2026-03-26,41.45685577392578,18260900,ITUB4
2026-03-27,40.972511291503906,27910700,ITUB4
2026-03-30,41.12077713012695,18528100,ITUB4
2026-03-31,42.9791259765625,33419700,ITUB4
2026-04-01,43.34321212768555,26681100,ITUB4
2026-04-02,42.81909942626953,17811800,ITUB4
2026-04-06,43.00699234008789,11004600,ITUB4
2026-04-07,42.977325439453125,20302000,ITUB4
2026-04-08,44.48044204711914,35777600,ITUB4
2026-04-09,45.241886138916016,22162900,ITUB4
2026-04-10,45.55834197998047,29705900,ITUB4
2026-04-13,45.321006774902344,31011600,ITUB4
2026-04-14,46.01322555541992,23343300,ITUB4
2026-04-15,46.51756286621094,28907200,ITUB4
2026-04-16,46.45823287963867,22566300,ITUB4
2026-04-17,46.280235290527344,39165500,ITUB4
2026-04-20,45.85499954223633,19194500,ITUB4
2026-04-22,44.52988815307617,25440000,ITUB4
2026-04-23,43.689327239990234,20444200,ITUB4
2026-04-24,43.877220153808594,18234600,ITUB4
2026-04-27,43.501441955566406,13718400,ITUB4
2026-04-28,43.6102180480957,27131800,ITUB4
2026-04-29,42.39387893676758,18628100,ITUB4
2026-04-30,42.710330963134766,22735500,ITUB4
2026-05-04,41.94676208496094,25336300,ITUB4
2026-05-05,42.0061149597168,29386700,ITUB4
2026-05-06,41.33338165283203,38718400,ITUB4
2026-05-07,40.35396957397461,36335300,ITUB4
2026-05-08,40.81894302368164,35920000,ITUB4
2026-05-11,39.898887634277344,41215600,ITUB4
2026-05-12,39.44380187988281,43381700,ITUB4
2026-05-13,39.20636749267578,48564700,ITUB4
2026-05-14,39.968135833740234,34925200,ITUB4
2026-05-15,39.27561950683594,46869600,ITUB4
2026-05-18,39.19647216796875,22993100,ITUB4
2026-05-19,38.36545181274414,41150400,ITUB4
2026-05-20,39.24593734741211,38261500,ITUB4
2026-05-21,39.69112777709961,40949800,ITUB4
2026-05-22,39.00850296020508,21539700,ITUB4
2026-05-25,39.88899230957031,11436200,ITUB4
2026-05-26,39.631771087646484,23046600,ITUB4
2026-05-27,39.88899230957031,21601400,ITUB4
2026-05-28,39.57241439819336,20196600,ITUB4
2026-05-29,39.61198425292969,80334400,ITUB4
2026-06-01,38.95694351196289,32832400,ITUB4
2026-06-02,39.15489959716797,23121000,ITUB4
2026-06-03,38.3234977722168,40844400,ITUB4
2026-06-05,38.432373046875,34727700,ITUB4
2026-06-08,38.12554168701172,23153100,ITUB4
2026-06-09,38.81837844848633,28212000,ITUB4
2026-06-10,38.95694351196289,41470600,ITUB4
2026-06-11,40.08526611328125,57558800,ITUB4
2026-06-12,40.18423843383789,30651000,ITUB4
2026-06-15,39.98629379272461,25132500,ITUB4
2026-06-16,40.03578186035156,20052700,ITUB4
2026-06-17,40.38219451904297,28205700,ITUB4
2026-06-18,40.075374603271484,20051100,ITUB4
2026-06-19,39.817588806152344,48413400,ITUB4
2026-06-22,40.88618469238281,25404800,ITUB4
2026-06-23,40.996036529541016,21074900,ITUB4
2026-06-24,40.91614532470703,22041600,ITUB4
2026-06-25,41.64518737792969,20778400,ITUB4
2026-06-26,42.184478759765625,23047700,ITUB4
2026-06-29,42.354251861572266,21151300,ITUB4
2026-06-30,42.12455749511719,40172400,ITUB4
2026-07-01,42.40249252319336,26405300,ITUB4
2026-07-02,42.43246841430664,15005100,ITUB4
2026-07-03,42.70222854614258,9878400,ITUB4
2026-07-06,42.52238845825195,19170500,ITUB4
2026-07-07,42.39250183105469,21184500,ITUB4
2026-07-08,41.85297775268555,18564500,ITUB4
2026-07-09,42.5523567199707,18657300,ITUB4
2026-07-10,44.26084518432617,28815100,ITUB4
2026-07-13,43.481536865234375,17749900,ITUB4
2026-07-14,43.5914421081543,15398000,ITUB4
2026-07-15,43.101871490478516,18975900,ITUB4
2026-07-16,42.512393951416016,18156600,ITUB4
2026-07-17,41.92291259765625,19576400,ITUB4
2026-07-20,42.262611389160156,12612200,ITUB4
2026-07-21,42.49241256713867,9834900,ITUB4
2026-07-22,42.86208724975586,21986300,ITUB4
2026-07-23,42.52238845825195,22570600,ITUB4
2026-07-24,42.06278991699219,10443700,ITUB4
2026-07-27,42.65226745605469,14920100,ITUB4
2026-07-28,42.822120666503906,19096400,ITUB4
2026-07-29,41.78303909301758,20532400,ITUB4
2026-07-30,42.70222854614258,12531700,ITUB4
2026-07-31,42.85209274291992,10285400,ITUB4
2026-08-03,43.1501350402832,17043500,ITUB4
2026-08-04,42.08062744140625,26508600,ITUB4
2026-08-05,42.360504150390625,30166400,ITUB4
2026-08-06,41.81075668334961,22055300,ITUB4
2026-08-07,40.73125076293945,25577700,ITUB4
2026-08-10,40.40140151977539,19652700,ITUB4
2026-08-11,38.9820556640625,44710200,ITUB4
2026-08-12,38.41231918334961,49492600,ITUB4
2026-08-13,38.29237365722656,24129000,ITUB4
2026-08-14,38.9820556640625,39681400,ITUB4
2026-08-17,38.362342834472656,21823400,ITUB4
2026-08-18,38.172428131103516,14745300,ITUB4
2026-08-19,38.35234451293945,35577300,ITUB4
2026-08-20,37.492740631103516,27458900,ITUB4
2026-08-21,38.582237243652344,29492600,ITUB4
2026-08-24,38.712181091308594,18970400,ITUB4
2026-08-25,39.421852111816406,18255700,ITUB4
2026-08-26,39.43185043334961,20036200,ITUB4
2026-08-27,39.082008361816406,24225700,ITUB4
2026-08-28,39.171966552734375,20889700,ITUB4
2026-08-31,39.5018196105957,25694900,ITUB4
2026-09-01,39.880001068115234,27032600,ITUB4
2026-09-02,41.40999984741211,44023900,ITUB4
2026-09-03,41.91999816894531,42338500,ITUB4
2026-09-04,41.91999816894531,23959900,ITUB4
2026-09-08,42.43000030517578,23857400,ITUB4
2026-09-09,41.59000015258789,29329700,ITUB4
2026-09-10,42.349998474121094,35626000,ITUB4
2026-09-11,42.72999954223633,17572900,ITUB4
2026-09-14,42.349998474121094,21585700,ITUB4
2026-09-15,42.66999816894531,16895900,ITUB4
2026-09-16,42.619998931884766,24595900,ITUB4
2026-09-17,42.58000183105469,22766400,ITUB4
2026-09-18,42.33000183105469,29168400,ITUB4
2026-09-21,43.08000183105469,15632800,ITUB4
2026-09-22,43.18000030517578,24184400,ITUB4
2026-09-23,42.369998931884766,19305500,ITUB4
2026-09-24,41.869998931884766,14855800,ITUB4
2026-09-25,42.130001068115234,16444600,ITUB4
2026-09-28,41.709999084472656,18089200,ITUB4
2026-09-29,42.29999923706055,17690800,ITUB4
2025-09-29,21.505691528320312,17908100,BBAS3
2025-09-30,21.476520538330078,26500000,BBAS3
2025-10-01,21.320968627929688,33351400,BBAS3
2025-10-02,21.155689239501953,29996100,BBAS3
2025-10-03,20.98068618774414,16402600,BBAS3
2025-10-06,20.815406799316406,16949600,BBAS3
2025-10-07,20.620960235595703,18484400,BBAS3
2025-10-08,20.533462524414062,15223100,BBAS3
2025-10-09,20.601516723632812,12039500,BBAS3
2025-10-10,20.037626266479492,31221700,BBAS3
2025-10-13,20.300127029418945,14359200,BBAS3
2025-10-14,20.1251277923584,19911800,BBAS3
2025-10-15,19.755678176879883,59520500,BBAS3
2025-10-16,19.804290771484375,25380500,BBAS3
2025-10-17,20.319568634033203,69050600,BBAS3
2025-10-20,20.19318389892578,18843700,BBAS3
2025-10-21,19.96957015991211,25719800,BBAS3
2025-10-22,20.115402221679688,13590700,BBAS3
2025-10-23,20.07651138305664,11428700,BBAS3
2025-10-24,19.950124740600586,23127500,BBAS3
2025-10-27,20.270957946777344,21147500,BBAS3
2025-10-28,20.377904891967773,17489600,BBAS3
2025-10-29,20.63068199157715,17099800,BBAS3
2025-10-30,21.029296875,27700600,BBAS3
2025-10-31,21.291797637939453,31430300,BBAS3
2025-11-03,21.466798782348633,23059400,BBAS3
2025-11-04,21.65152359008789,18372500,BBAS3
2025-11-05,21.98208236694336,21186000,BBAS3
2025-11-06,22.22513771057129,23305100,BBAS3
2025-11-07,22.254302978515625,16303700,BBAS3
2025-11-10,22.147361755371094,18881800,BBAS3
2025-11-11,22.81819725036621,31294700,BBAS3
2025-11-12,22.166805267333984,49688100,BBAS3
2025-11-13,21.87513542175293,66538100,BBAS3
2025-11-14,21.816802978515625,36144600,BBAS3
2025-11-17,21.87513542175293,18797000,BBAS3
2025-11-18,21.27235221862793,25637700,BBAS3
2025-11-19,20.98068618774414,21302000,BBAS3
2025-11-21,21.389022827148438,32134300,BBAS3
2025-11-24,21.23346519470215,23116900,BBAS3
2025-11-25,21.35985565185547,19668500,BBAS3
2025-11-26,21.60291290283203,15757200,BBAS3
2025-11-27,21.544578552246094,8595700,BBAS3
2025-11-28,21.845970153808594,19115200,BBAS3
2025-12-01,21.641801834106445,15511100,BBAS3
2025-12-02,22.00457191467285,21443700,BBAS3
2025-12-03,21.87343978881836,20882500,BBAS3
2025-12-04,22.254615783691406,26591100,BBAS3
2025-12-05,20.681055068969727,51737100,BBAS3
2025-12-08,21.111095428466797,27278400,BBAS3
2025-12-09,21.003585815429688,20754600,BBAS3
2025-12-10,21.111095428466797,14096700,BBAS3
2025-12-11,21.081775665283203,17143500,BBAS3
2025-12-12,21.208831787109375,22651600,BBAS3
2025-12-15,21.511816024780273,18133500,BBAS3
2025-12-16,21.21860694885254,22792200,BBAS3
2025-12-17,21.062227249145508,26144900,BBAS3
2025-12-18,21.101322174072266,17004900,BBAS3
2025-12-19,20.9547176361084,41700500,BBAS3
2025-12-22,20.817886352539062,17942700,BBAS3
2025-12-23,21.257701873779297,14967000,BBAS3
2025-12-26,21.355438232421875,9742800,BBAS3
2025-12-29,21.22838020324707,9988400,BBAS3
2025-12-30,21.42385482788086,13121900,BBAS3
2026-01-02,21.189285278320312,16077000,BBAS3
2026-01-05,21.3847599029541,10675500,BBAS3
2026-01-06,21.619327545166016,28809400,BBAS3
2026-01-07,21.208831787109375,27650400,BBAS3
2026-01-08,21.32611846923828,23579700,BBAS3
2026-01-09,21.365211486816406,20280800,BBAS3
2026-01-12,21.37498664855957,15846700,BBAS3
2026-01-13,20.720151901245117,39312600,BBAS3
2026-01-14,21.013357162475586,20884400,BBAS3
2026-01-15,20.974266052246094,20166900,BBAS3
2026-01-16,20.886302947998047,55093000,BBAS3
2026-01-19,20.827659606933594,10910800,BBAS3
2026-01-20,21.05245590209961,20625300,BBAS3
2026-01-21,21.892988204956055,52298400,BBAS3
2026-01-22,22.91922378540039,47402900,BBAS3
2026-01-23,23.730438232421875,70331700,BBAS3
2026-01-26,23.847719192504883,42487400,BBAS3
2026-01-27,24.13115692138672,35277600,BBAS3
2026-01-28,24.825084686279297,37374300,BBAS3
2026-01-29,24.922822952270508,50632400,BBAS3
2026-01-30,24.649158477783203,32426800,BBAS3
2026-02-02,24.72734832763672,18511500,BBAS3
2026-02-03,25.108522415161133,35191200,BBAS3
2026-02-04,24.531877517700195,26372500,BBAS3
2026-02-05,23.88681411743164,38580000,BBAS3
2026-02-06,23.7793025970459,36083700,BBAS3
2026-02-09,24.25821304321289,17847600,BBAS3
2026-02-10,24.238666534423828,26925100,BBAS3
2026-02-11,24.346176147460938,28271000,BBAS3
2026-02-12,25.440828323364258,111154300,BBAS3
2026-02-13,24.854406356811523,61597600,BBAS3
2026-02-18,25.235580444335938,38768500,BBAS3
2026-02-19,25.861093521118164,32852600,BBAS3
2026-02-20,26.37909698486328,40353900,BBAS3
2026-02-23,26.22271728515625,72770500,BBAS3
2026-02-24,26.725818634033203,26761400,BBAS3
2026-02-25,27.17913055419922,29552800,BBAS3
2026-02-26,26.88348960876465,24720400,BBAS3
2026-02-27,26.55828857421875,20417600,BBAS3
2026-03-02,26.55828857421875,23891500,BBAS3
2026-03-03,25.461706161499023,62065500,BBAS3
2026-03-04,25.62967300415039,14597900,BBAS3
2026-03-05,24.700918197631836,24730900,BBAS3
2026-03-06,24.45391082763672,20986400,BBAS3
2026-03-09,24.404508590698242,18981100,BBAS3
2026-03-10,24.839242935180664,21786700,BBAS3
2026-03-11,25.036849975585938,16908800,BBAS3
2026-03-12,23.94013023376465,34978900,BBAS3
2026-03-13,23.46587371826172,38122400,BBAS3
2026-03-16,23.614076614379883,30930000,BBAS3
2026-03-17,23.386829376220703,22315500,BBAS3
2026-03-18,23.129940032958984,15566500,BBAS3
2026-03-19,23.228742599487305,29427500,BBAS3
2026-03-20,22.991615295410156,37796900,BBAS3
2026-03-23,23.673358917236328,23714600,BBAS3
2026-03-24,23.367069244384766,14982000,BBAS3
2026-03-25,23.57455825805664,20200600,BBAS3
2026-03-26,22.78412628173828,28327000,BBAS3
2026-03-27,22.388912200927734,16957900,BBAS3
2026-03-30,22.132022857666016,23669500,BBAS3
2026-03-31,22.724843978881836,25610100,BBAS3
2026-04-01,23.347307205200195,22064800,BBAS3
2026-04-02,23.110179901123047,16378700,BBAS3
2026-04-06,23.149700164794922,11198800,BBAS3
2026-04-07,23.15958023071289,13760900,BBAS3
2026-04-08,24.197019577026367,40278600,BBAS3
2026-04-09,24.42426872253418,16299100,BBAS3
2026-04-10,24.43414878845215,22773400,BBAS3
2026-04-13,24.45391082763672,29435700,BBAS3
2026-04-14,25.076370239257812,28487700,BBAS3
2026-04-15,24.108095169067383,36240900,BBAS3
2026-04-16,23.989532470703125,20801800,BBAS3
2026-04-17,24.108095169067383,22413600,BBAS3
2026-04-20,23.989532470703125,13669600,BBAS3
2026-04-22,23.120059967041016,25207400,BBAS3
2026-04-23,22.724843978881836,24573300,BBAS3
2026-04-24,22.428434371948242,20235200,BBAS3
2026-04-27,22.240705490112305,15576900,BBAS3
2026-04-28,22.270347595214844,11919500,BBAS3
2026-04-29,21.450275421142578,33020900,BBAS3
2026-04-30,21.944293975830078,16978900,BBAS3
2026-05-04,21.647884368896484,12949300,BBAS3
2026-05-05,21.657766342163086,11722300,BBAS3
2026-05-06,21.80596923828125,15301600,BBAS3
2026-05-07,21.430517196655273,19233100,BBAS3
2026-05-08,21.539199829101562,22432400,BBAS3
2026-05-11,21.282312393188477,19018400,BBAS3
2026-05-12,21.064943313598633,18272200,BBAS3
2026-05-13,20.511642456054688,31119200,BBAS3
2026-05-14,20.511642456054688,69887800,BBAS3
2026-05-15,20.452360153198242,35294300,BBAS3
2026-05-18,20.175710678100586,21577400,BBAS3
2026-05-19,19.98798179626465,36742400,BBAS3
2026-05-20,20.452360153198242,38517100,BBAS3
2026-05-21,20.570924758911133,21652100,BBAS3
2026-05-22,20.689489364624023,14910500,BBAS3
2026-05-25,21.390995025634766,15414500,BBAS3
2026-05-26,20.85745620727539,22798700,BBAS3
2026-05-27,20.817934036254883,13716500,BBAS3
2026-05-28,20.363439559936523,19444000,BBAS3
2026-05-29,20.057144165039062,60512500,BBAS3
2026-06-01,19.839778900146484,50279700,BBAS3
2026-06-02,19.79128074645996,19384600,BBAS3
2026-06-03,19.433069229125977,27323000,BBAS3
2026-06-05,19.07485580444336,51227600,BBAS3
2026-06-08,19.005203247070312,15329800,BBAS3
2026-06-09,19.015153884887695,18242900,BBAS3
2026-06-10,18.905698776245117,18849900,BBAS3
2026-06-11,19.313663482666016,32600200,BBAS3
2026-06-12,19.363414764404297,13773000,BBAS3
2026-06-15,19.29376220703125,16495300,BBAS3
2026-06-16,19.303712844848633,25391100,BBAS3
2026-06-17,19.313663482666016,14117900,BBAS3
2026-06-18,19.433069229125977,23842500,BBAS3
2026-06-19,19.3236141204834,13185600,BBAS3
2026-06-22,19.482820510864258,18434100,BBAS3
2026-06-23,19.761430740356445,18028200,BBAS3
2026-06-24,19.6320743560791,16362000,BBAS3
2026-06-25,19.95048713684082,15674300,BBAS3
2026-06-26,20.23904800415039,18097300,BBAS3
2026-06-29,20.15944480895996,17442900,BBAS3
2026-06-30,19.811182022094727,17204700,BBAS3
2026-07-01,19.6320743560791,16785700,BBAS3
2026-07-02,19.90073585510254,29242600,BBAS3
2026-07-03,19.880834579467773,8243200,BBAS3
2026-07-06,19.671876907348633,15149200,BBAS3
2026-07-07,19.6320743560791,16218300,BBAS3
2026-07-08,19.433069229125977,22487500,BBAS3
2026-07-09,19.90073585510254,30913000,BBAS3
2026-07-10,20.47785758972168,24372700,BBAS3
2026-07-13,20.139543533325195,14138400,BBAS3
2026-07-14,20.487808227539062,15228800,BBAS3
2026-07-15,20.44800567626953,14771700,BBAS3
2026-07-16,20.656963348388672,15332600,BBAS3
2026-07-17,20.388303756713867,35729100,BBAS3
2026-07-20,20.06989288330078,15081500,BBAS3
2026-07-21,20.7763671875,25335900,BBAS3
2026-07-22,20.985326766967773,19261100,BBAS3
2026-07-23,20.826120376586914,18426000,BBAS3
2026-07-24,20.248998641967773,14443400,BBAS3
2026-07-27,20.39825439453125,11104800,BBAS3
2026-07-28,20.72661590576172,11362200,BBAS3
2026-07-29,20.676864624023438,14713900,BBAS3
2026-07-30,21.084829330444336,15920200,BBAS3
2026-07-31,21.244035720825195,28502900,BBAS3
2026-08-03,21.164432525634766,8365700,BBAS3
2026-08-04,20.885822296142578,11147700,BBAS3
2026-08-05,20.945524215698242,13598000,BBAS3
2026-08-06,20.179346084594727,22892100,BBAS3
2026-08-07,19.960437774658203,17314900,BBAS3
2026-08-10,19.930587768554688,14169300,BBAS3
2026-08-11,19.184309005737305,17787900,BBAS3
2026-08-12,18.905698776245117,28382600,BBAS3
2026-08-13,18.119619369506836,60899800,BBAS3
2026-08-14,18.288774490356445,43600700,BBAS3
2026-08-17,17.860910415649414,26523400,BBAS3
2026-08-18,17.711654663085938,25321900,BBAS3
2026-08-19,17.990264892578125,28220200,BBAS3
2026-08-20,17.950464248657227,81890700,BBAS3
2026-08-21,18.33852767944336,46529700,BBAS3
2026-08-24,18.5076847076416,22663400,BBAS3
2026-08-25,19.472869873046875,35300700,BBAS3
2026-08-26,19.423118591308594,36549300,BBAS3
2026-08-27,19.87088394165039,26323500,BBAS3
2026-08-28,20.06989288330078,21651300,BBAS3
2026-08-31,20.637062072753906,45063300,BBAS3
2026-09-01,21.10472869873047,30326100,BBAS3
2026-09-02,22.260000228881836,54300800,BBAS3
2026-09-03,22.450000762939453,40886400,BBAS3
2026-09-04,22.520000457763672,26784000,BBAS3
2026-09-08,22.600000381469727,30149100,BBAS3
2026-09-09,22.18000030517578,30236100,BBAS3
2026-09-10,22.799999237060547,32524900,BBAS3
2026-09-11,22.489999771118164,22391900,BBAS3
2026-09-14,22.1200008392334,29686100,BBAS3
2026-09-15,22.040000915527344,21989500,BBAS3
2026-09-16,22.709999084472656,32049800,BBAS3
2026-09-17,22.780000686645508,30659600,BBAS3
2026-09-18,23.200000762939453,59771100,BBAS3
2026-09-21,22.989999771118164,57775600,BBAS3
2026-09-22,22.670000076293945,51731400,BBAS3
2026-09-23,22.170000076293945,39523600,BBAS3
2026-09-24,21.540000915527344,36947000,BBAS3
2026-09-25,21.59000015258789,43246900,BBAS3
2026-09-28,21.489999771118164,44554600,BBAS3
2026-09-29,22.040000915527344,37276500,BBAS3
2025-09-29,11.672416687011719,21050900,ABEV3
2025-09-30,11.37143611907959,52485900,ABEV3
2025-10-01,11.277379035949707,28764000,ABEV3
2025-10-02,11.220945358276367,25828200,ABEV3
2025-10-03,11.164511680603027,21785000,ABEV3
2025-10-06,11.145700454711914,14804500,ABEV3
2025-10-07,11.014020919799805,18071700,ABEV3
2025-10-08,11.173916816711426,14723700,ABEV3
2025-10-09,11.02342700958252,28928400,ABEV3
2025-10-10,11.108078002929688,21477200,ABEV3
2025-10-13,11.155105590820312,11694900,ABEV3
2025-10-14,11.333812713623047,29046500,ABEV3
2025-10-15,11.277379035949707,28407100,ABEV3
2025-10-16,11.42786979675293,26420200,ABEV3
2025-10-17,11.634794235229492,23480500,ABEV3
2025-10-20,11.625388145446777,18260900,ABEV3
2025-10-21,11.493709564208984,26607400,ABEV3
2025-10-22,11.35262393951416,29517800,ABEV3
2025-10-23,11.399652481079102,25355600,ABEV3
2025-10-24,11.390247344970703,21686700,ABEV3
2025-10-27,11.42786979675293,40310400,ABEV3
2025-10-28,11.31500244140625,29170400,ABEV3
2025-10-29,11.31500244140625,38485900,ABEV3
2025-10-30,11.841718673706055,91617100,ABEV3
2025-10-31,11.95458698272705,32112500,ABEV3
2025-11-03,12.1427001953125,28265800,ABEV3
2025-11-04,12.377840042114258,27058100,ABEV3
2025-11-05,12.396652221679688,21385300,ABEV3
2025-11-06,12.302596092224121,15494600,ABEV3
2025-11-07,12.340218544006348,30240300,ABEV3
2025-11-10,12.396652221679688,25239700,ABEV3
2025-11-11,12.7822847366333,36404100,ABEV3
2025-11-12,12.810501098632812,32756700,ABEV3
2025-11-13,12.819906234741211,23794500,ABEV3
2025-11-14,12.876340866088867,15539900,ABEV3
2025-11-17,12.942180633544922,33654100,ABEV3
2025-11-18,12.923368453979492,46389400,ABEV3
2025-11-19,12.612981796264648,101108300,ABEV3
2025-11-21,12.810501098632812,35463400,ABEV3
2025-11-24,12.95158576965332,43126600,ABEV3
2025-11-25,12.923368453979492,20205700,ABEV3
2025-11-26,12.857529640197754,33961700,ABEV3
2025-11-27,12.904558181762695,8093600,ABEV3
2025-11-28,13.036236763000488,23319400,ABEV3
2025-12-01,13.177321434020996,15984500,ABEV3
2025-12-02,13.167916297912598,36109000,ABEV3
2025-12-03,13.309000015258789,15674100,ABEV3
2025-12-04,13.12088680267334,37988200,ABEV3
2025-12-05,12.801095008850098,61741400,ABEV3
2025-12-08,12.810501098632812,19119600,ABEV3
2025-12-09,12.829313278198242,38541700,ABEV3
2025-12-10,12.7916898727417,91743100,ABEV3
2025-12-11,12.960990905761719,22635200,ABEV3
2025-12-12,13.205538749694824,30262800,ABEV3
2025-12-15,13.4312744140625,22268400,ABEV3
2025-12-16,13.318406105041504,43020300,ABEV3
2025-12-17,13.186727523803711,28631200,ABEV3
2025-12-18,13.092670440673828,23928400,ABEV3
2025-12-19,13.182207107543945,30380100,ABEV3
2025-12-22,13.023384094238281,26993300,ABEV3
2025-12-23,13.370807647705078,45087200,ABEV3
2025-12-26,13.618967056274414,29118400,ABEV3
2025-12-29,13.767862319946289,20303700,ABEV3
2025-12-30,13.757935523986816,25304800,ABEV3
2026-01-02,13.549481391906738,24557600,ABEV3
2026-01-05,13.609040260314941,17543300,ABEV3
2026-01-06,13.599113464355469,28548900,ABEV3
2026-01-07,13.599113464355469,28605400,ABEV3
2026-01-08,13.539555549621582,31130800,ABEV3
2026-01-09,13.797639846801758,17408500,ABEV3
2026-01-12,13.797639846801758,14562800,ABEV3
2026-01-13,13.80756664276123,33777500,ABEV3
2026-01-14,14.095431327819824,22198700,ABEV3
2026-01-15,13.936610221862793,21374400,ABEV3
2026-01-16,13.99616813659668,31536400,ABEV3
2026-01-19,13.986241340637207,8040400,ABEV3
2026-01-20,13.966388702392578,20664800,ABEV3
2026-01-21,14.204622268676758,35138900,ABEV3
2026-01-22,14.482559204101562,47662500,ABEV3
2026-01-23,14.790276527404785,53554400,ABEV3
2026-01-26,14.939172744750977,22156500,ABEV3
2026-01-27,14.760498046875,24248800,ABEV3
2026-01-28,14.839908599853516,23714500,ABEV3
2026-01-29,14.651308059692383,33726800,ABEV3
2026-01-30,14.740645408630371,40087800,ABEV3
2026-02-02,14.94909954071045,19323000,ABEV3
2026-02-03,15.266742706298828,32249800,ABEV3
2026-02-04,15.187331199645996,27049700,ABEV3
2026-02-05,15.366005897521973,26311400,ABEV3
2026-02-06,15.306447982788086,23511000,ABEV3
2026-02-09,15.276668548583984,22980900,ABEV3
2026-02-10,15.54468059539795,35103300,ABEV3
2026-02-11,15.653871536254883,26720300,ABEV3
2026-02-12,16.398347854614258,55037900,ABEV3
2026-02-13,16.229598999023438,23238400,ABEV3
2026-02-18,16.011219024658203,29705300,ABEV3
2026-02-19,16.050926208496094,23244500,ABEV3
2026-02-20,15.911956787109375,33875800,ABEV3
2026-02-23,16.070777893066406,29917200,ABEV3
2026-02-24,16.45790672302246,31221100,ABEV3
2026-02-25,16.25937843322754,29966400,ABEV3
2026-02-26,16.28915786743164,18040900,ABEV3
2026-02-27,16.150188446044922,34463800,ABEV3
2026-03-02,15.792839050292969,18638600,ABEV3
2026-03-03,15.455343246459961,40085300,ABEV3
2026-03-04,15.485122680664062,26249500,ABEV3
2026-03-05,15.177404403686523,26954000,ABEV3
2026-03-06,15.117846488952637,17914800,ABEV3
2026-03-09,15.296521186828613,21901300,ABEV3
2026-03-10,15.336226463317871,20894000,ABEV3
2026-03-11,15.316374778747559,19594000,ABEV3
2026-03-12,14.839908599853516,37546800,ABEV3
2026-03-13,14.889540672302246,25418200,ABEV3
2026-03-16,14.98880386352539,28906400,ABEV3
2026-03-17,14.909393310546875,27499600,ABEV3
2026-03-18,14.631455421447754,20403700,ABEV3
2026-03-19,14.661234855651855,30848100,ABEV3
2026-03-20,14.363444328308105,65705300,ABEV3
2026-03-23,14.552044868469238,23231600,ABEV3
2026-03-24,14.59174919128418,13573700,ABEV3
2026-03-25,14.899467468261719,25296600,ABEV3
2026-03-26,14.720792770385742,13324100,ABEV3
2026-03-27,14.651308059692383,17884700,ABEV3
2026-03-30,14.730718612670898,18158200,ABEV3
2026-03-31,15.137700080871582,36180800,ABEV3
2026-04-01,15.246889114379883,23927000,ABEV3
2026-04-02,15.167478561401367,25947900,ABEV3
2026-04-06,15.336226463317871,14919000,ABEV3
2026-04-07,15.366005897521973,18339600,ABEV3
2026-04-08,15.743207931518555,34907800,ABEV3
2026-04-09,15.94173526763916,33451600,ABEV3
2026-04-10,16.001293182373047,23124300,ABEV3
2026-04-13,15.812692642211914,23073100,ABEV3
2026-04-14,15.77298641204834,22292800,ABEV3
2026-04-15,15.713428497314453,24739300,ABEV3
2026-04-16,15.316374778747559,49811600,ABEV3
2026-04-17,15.217110633850098,36665400,ABEV3
2026-04-20,15.197257995605469,14954700,ABEV3
2026-04-22,14.889540672302246,26157200,ABEV3
2026-04-23,14.631455421447754,25435000,ABEV3
2026-04-24,14.393221855163574,24151800,ABEV3
2026-04-27,14.432928085327148,18935100,ABEV3
2026-04-28,14.472634315490723,15614300,ABEV3
2026-04-29,14.22447395324707,18123700,ABEV3
2026-04-30,14.403148651123047,26546800,ABEV3
2026-05-04,14.333663940429688,21318400,ABEV3
2026-05-05,16.527389526367188,109952300,ABEV3
2026-05-06,16.82518196105957,31822900,ABEV3
2026-05-07,16.28915786743164,30952400,ABEV3
2026-05-08,16.199819564819336,41784100,ABEV3
2026-05-11,16.130334854125977,19740000,ABEV3
2026-05-12,16.011219024658203,19751300,ABEV3
2026-05-13,15.792839050292969,28456100,ABEV3
2026-05-14,15.653871536254883,22570000,ABEV3
2026-05-15,15.574459075927734,31009700,ABEV3
2026-05-18,15.693575859069824,20757200,ABEV3
2026-05-19,15.693575859069824,25814600,ABEV3
2026-05-20,16.100557327270508,24281300,ABEV3
2026-05-21,16.279232025146484,20774700,ABEV3
2026-05-22,15.981439590454102,24010300,ABEV3
2026-05-25,16.279232025146484,14643100,ABEV3
2026-05-26,16.467832565307617,35881800,ABEV3
2026-05-27,16.487686157226562,37022600,ABEV3
2026-05-28,16.170042037963867,24813300,ABEV3
2026-05-29,16.199819564819336,86401700,ABEV3
2026-06-01,16.309009552001953,37464400,ABEV3
2026-06-02,16.3288631439209,15806800,ABEV3
2026-06-03,15.951661109924316,24645900,ABEV3
2026-06-05,16.050926208496094,22964600,ABEV3
2026-06-08,15.961587905883789,18008000,ABEV3
2026-06-09,16.09062957763672,23741600,ABEV3
2026-06-10,16.160114288330078,23080500,ABEV3
2026-06-11,16.5174617767334,33555900,ABEV3
2026-06-12,16.487686157226562,14291900,ABEV3
2026-06-15,16.447978973388672,19463100,ABEV3
2026-06-16,16.31893539428711,13495700,ABEV3
2026-06-17,16.070777893066406,32858800,ABEV3
2026-06-18,16.100557327270508,41278300,ABEV3
2026-06-19,15.931807518005371,26925200,ABEV3
2026-06-22,16.050926208496094,22020700,ABEV3
2026-06-23,16.29469871520996,27581700,ABEV3
2026-06-24,16.304651260375977,22826200,ABEV3
2026-06-25,16.314605712890625,18193000,ABEV3
2026-06-26,16.65304183959961,21690800,ABEV3
2026-06-29,16.513687133789062,17657800,ABEV3
2026-06-30,16.21506690979004,22299700,ABEV3
2026-07-01,16.12548065185547,17744600,ABEV3
2026-07-02,16.225019454956055,17656700,ABEV3
2026-07-03,16.21506690979004,6915200,ABEV3
2026-07-06,15.806952476501465,32014900,ABEV3
2026-07-07,15.538193702697754,37381000,ABEV3
2026-07-08,15.548148155212402,24227600,ABEV3
2026-07-09,15.647688865661621,23964000,ABEV3
2026-07-10,15.747227668762207,34757600,ABEV3
2026-07-13,15.757182121276855,31167700,ABEV3
2026-07-14,15.737274169921875,17907700,ABEV3
2026-07-15,15.498377799987793,31466500,ABEV3
2026-07-16,15.528240203857422,20772600,ABEV3
2026-07-17,15.55810260772705,16137900,ABEV3
2026-07-20,15.717366218566895,24319600,ABEV3
2026-07-21,15.727320671081543,19628700,ABEV3
2026-07-22,16.055801391601562,28818200,ABEV3
2026-07-23,15.846768379211426,18873800,ABEV3
2026-07-24,15.568056106567383,15224800,ABEV3
2026-07-27,15.787043571472168,30052500,ABEV3
2026-07-28,16.02593994140625,37458000,ABEV3
2026-07-29,15.826859474182129,37839300,ABEV3
2026-07-30,15.886584281921387,70813600,ABEV3
2026-07-31,15.9164457321167,38243300,ABEV3
2026-08-03,15.697458267211914,34419100,ABEV3
2026-08-04,15.796998023986816,28395700,ABEV3
2026-08-05,15.767136573791504,35610400,ABEV3
2026-08-06,15.587964057922363,27603100,ABEV3
2026-08-07,15.408791542053223,23662500,ABEV3
2026-08-10,15.199758529663086,20681500,ABEV3
2026-08-11,14.940954208374023,33997000,ABEV3
2026-08-12,14.78169059753418,26999400,ABEV3
2026-08-13,14.851367950439453,21998800,ABEV3
2026-08-14,14.682149887084961,33534300,ABEV3
2026-08-17,14.602518081665039,34531700,ABEV3
2026-08-18,14.66224193572998,19528000,ABEV3
2026-08-19,14.71201229095459,23868700,ABEV3
2026-08-20,14.831459999084473,41094500,ABEV3
2026-08-21,14.930999755859375,19912500,ABEV3
2026-08-24,15.179850578308105,34068000,ABEV3
2026-08-25,15.239574432373047,17428900,ABEV3
2026-08-26,15.169896125793457,12976600,ABEV3
2026-08-27,15.050448417663574,23629700,ABEV3
2026-08-28,15.120125770568848,16656800,ABEV3
2026-08-31,14.960862159729004,50670600,ABEV3
2026-09-01,15.100217819213867,49321300,ABEV3
2026-09-02,15.528240203857422,45834800,ABEV3
2026-09-03,15.687504768371582,33952600,ABEV3
2026-09-04,15.667595863342285,27638900,ABEV3
2026-09-08,15.747227668762207,25579200,ABEV3
2026-09-09,15.508332252502441,22611500,ABEV3
2026-09-10,15.667595863342285,21311000,ABEV3
2026-09-11,15.548148155212402,22932100,ABEV3
2026-09-14,15.796998023986816,29303600,ABEV3
2026-09-15,15.657641410827637,20798700,ABEV3
2026-09-16,15.55810260772705,32094600,ABEV3
2026-09-17,15.478470802307129,18516700,ABEV3
2026-09-18,15.309252738952637,35369900,ABEV3
2026-09-21,15.42870044708252,18020700,ABEV3
2026-09-22,15.600000381469727,24129900,ABEV3
2026-09-23,15.300000190734863,20586000,ABEV3
2026-09-24,15.34000015258789,15784900,ABEV3
2026-09-25,15.319999694824219,12323400,ABEV3
2026-09-28,15.199999809265137,17925900,ABEV3
2026-09-29,15.270000457763672,21981500,ABEV3
2025-09-29,34.877593994140625,4873200,WEGE3
2025-09-30,35.088565826416016,7668000,WEGE3
2025-10-01,34.32139587402344,11275700,WEGE3
2025-10-02,34.64744567871094,8501800,WEGE3
2025-10-03,34.9063606262207,7971200,WEGE3
2025-10-06,34.21590805053711,10721600,WEGE3
2025-10-07,34.26385498046875,5190500,WEGE3
2025-10-08,34.043296813964844,6387700,WEGE3
2025-10-09,35.67354202270508,14768200,WEGE3
2025-10-10,35.18446350097656,10273600,WEGE3
2025-10-13,36.28728103637695,11420200,WEGE3
2025-10-14,35.7982063293457,10186200,WEGE3
2025-10-15,35.8845100402832,7314800,WEGE3
2025-10-16,36.85306930541992,10795000,WEGE3
2025-10-17,38.50248336791992,28853800,WEGE3
2025-10-20,37.917518615722656,12463500,WEGE3
2025-10-21,38.04218292236328,10407600,WEGE3
2025-10-22,38.3778190612793,16229100,WEGE3
2025-10-23,39.73955154418945,15783500,WEGE3
2025-10-24,39.672428131103516,10015800,WEGE3
2025-10-27,39.96011734008789,11591400,WEGE3
2025-10-28,40.583438873291016,9574200,WEGE3
2025-10-29,40.324527740478516,12072900,WEGE3
2025-10-30,39.7491455078125,11980500,WEGE3
2025-10-31,40.37247085571289,12528200,WEGE3
2025-11-03,41.04374313354492,8375200,WEGE3
2025-11-04,40.99579620361328,7341200,WEGE3
2025-11-05,41.724613189697266,6623200,WEGE3
2025-11-06,42.10819625854492,11139300,WEGE3
2025-11-07,43.15346908569336,12825500,WEGE3
2025-11-10,43.50829315185547,10066300,WEGE3
2025-11-11,44.141204833984375,10291400,WEGE3
2025-11-12,43.04798889160156,10226300,WEGE3
2025-11-13,42.980857849121094,10736800,WEGE3
2025-11-14,42.6164436340332,6639800,WEGE3
2025-11-17,42.16573715209961,9531800,WEGE3
2025-11-18,41.6574821472168,7190100,WEGE3
2025-11-19,41.8588752746582,7656600,WEGE3
2025-11-21,41.446510314941406,9992100,WEGE3
2025-11-24,41.41773986816406,12391300,WEGE3
2025-11-25,41.197181701660156,4409100,WEGE3
2025-11-26,42.578094482421875,8639200,WEGE3
2025-11-27,42.242454528808594,3006400,WEGE3
2025-11-28,42.43424606323242,7531800,WEGE3
2025-12-01,43.326087951660156,17188500,WEGE3
2025-12-02,43.738441467285156,5818500,WEGE3
2025-12-03,43.201419830322266,10377300,WEGE3
2025-12-04,44.07615280151367,7415000,WEGE3
2025-12-05,45.238609313964844,15748300,WEGE3
2025-12-08,46.275123596191406,10859600,WEGE3
2025-12-09,46.16856384277344,8650500,WEGE3
2025-12-10,46.953216552734375,4290600,WEGE3
2025-12-11,47.03071212768555,5154200,WEGE3
2025-12-12,47.970359802246094,9931700,WEGE3
2025-12-15,48.12535095214844,12049800,WEGE3
2025-12-16,48.37721633911133,10274800,WEGE3
2025-12-17,48.24159622192383,10202400,WEGE3
2025-12-18,48.43533706665039,5144100,WEGE3
2025-12-19,48.16410446166992,12839100,WEGE3
2025-12-22,47.34797286987305,6391700,WEGE3
2025-12-23,47.96391296386719,4886100,WEGE3
2025-12-26,48.43083190917969,1829300,WEGE3
2025-12-29,48.39109420776367,3845900,WEGE3
2025-12-30,48.192405700683594,4334800,WEGE3
2026-01-02,47.93410873413086,4801300,WEGE3
2026-01-05,47.76522445678711,4531300,WEGE3
2026-01-06,47.85462951660156,5168600,WEGE3
2026-01-07,47.38771057128906,4904900,WEGE3
2026-01-08,45.410736083984375,9557100,WEGE3
2026-01-09,45.798187255859375,4871300,WEGE3
2026-01-12,46.44392776489258,4361500,WEGE3
2026-01-13,46.09622573852539,5294900,WEGE3
2026-01-14,46.70222854614258,6175000,WEGE3
2026-01-15,46.13595962524414,4604100,WEGE3
2026-01-16,46.01674270629883,9477300,WEGE3
2026-01-19,45.91740036010742,5052000,WEGE3
2026-01-20,46.12602615356445,5987900,WEGE3
2026-01-21,47.27842712402344,7600400,WEGE3
2026-01-22,48.90769577026367,14397700,WEGE3
2026-01-23,49.54349899291992,9064000,WEGE3
2026-01-26,51.27210998535156,14664900,WEGE3
2026-01-27,52.35497283935547,11316600,WEGE3
2026-01-28,51.23237228393555,13110700,WEGE3
2026-01-29,51.729095458984375,9387700,WEGE3
2026-01-30,51.38139343261719,7212600,WEGE3
2026-02-02,51.60988998413086,6846500,WEGE3
2026-02-03,53.646461486816406,6917500,WEGE3
2026-02-04,51.0634880065918,8893000,WEGE3
2026-02-05,51.86818313598633,7437700,WEGE3
2026-02-06,51.51054000854492,5766400,WEGE3
2026-02-09,53.398101806640625,7661100,WEGE3
2026-02-10,52.05693817138672,8866200,WEGE3
2026-02-11,53.2391471862793,6680100,WEGE3
2026-02-12,53.676265716552734,6660500,WEGE3
2026-02-13,53.44776916503906,7178500,WEGE3
2026-02-18,53.04045867919922,7766100,WEGE3
2026-02-19,51.0336799621582,11680200,WEGE3
2026-02-20,51.649627685546875,14808500,WEGE3
2026-02-23,51.629756927490234,5164300,WEGE3
2026-02-24,51.073421478271484,11974100,WEGE3
2026-02-25,49.9508171081543,10719400,WEGE3
2026-02-26,49.05670928955078,9902400,WEGE3
2026-02-27,49.37461853027344,7316400,WEGE3
2026-03-02,48.37123107910156,5402000,WEGE3
2026-03-03,47.08967590332031,13648400,WEGE3
2026-03-04,47.030067443847656,6449100,WEGE3
2026-03-05,46.40419387817383,7897500,WEGE3
2026-03-06,46.314781188964844,5517900,WEGE3
2026-03-09,46.27504348754883,5742300,WEGE3
2026-03-10,46.881046295166016,5655000,WEGE3
2026-03-11,46.57307815551758,3420400,WEGE3
2026-03-12,45.52001953125,7215300,WEGE3
2026-03-13,45.90746307373047,4406200,WEGE3
2026-03-16,45.669036865234375,5913000,WEGE3
2026-03-17,45.89753341674805,5780200,WEGE3
2026-03-18,45.857791900634766,5688200,WEGE3
2026-03-19,46.284976959228516,5299300,WEGE3
2026-03-20,45.65909957885742,10234300,WEGE3
2026-03-23,47.04313659667969,5584500,WEGE3
2026-03-24,47.24225997924805,5779900,WEGE3
2026-03-25,47.96906661987305,8453500,WEGE3
2026-03-26,47.311954498291016,4612800,WEGE3
2026-03-27,47.20243835449219,3314900,WEGE3
2026-03-30,48.83525848388672,8682700,WEGE3
2026-03-31,50.78667449951172,11795500,WEGE3
2026-04-01,50.78667449951172,12831600,WEGE3
2026-04-02,50.08974075317383,7547300,WEGE3
2026-04-06,50.398380279541016,2617700,WEGE3
2026-04-07,50.428253173828125,3983500,WEGE3
2026-04-08,52.53896713256836,10118800,WEGE3
2026-04-09,52.2701530456543,6218000,WEGE3
2026-04-10,52.64849090576172,6331700,WEGE3
2026-04-13,51.81216812133789,5536700,WEGE3
2026-04-14,51.67278289794922,11897600,WEGE3
2026-04-15,49.74127197265625,14915400,WEGE3
2026-04-16,48.18810272216797,10979400,WEGE3
2026-04-17,48.43701171875,9369900,WEGE3
2026-04-20,48.26774978637695,4448400,WEGE3
2026-04-22,46.9833984375,10210700,WEGE3
2026-04-23,48.068626403808594,10526700,WEGE3
2026-04-24,47.590728759765625,5113600,WEGE3
2026-04-27,47.97901916503906,5188300,WEGE3
2026-04-28,47.08296203613281,6446500,WEGE3
2026-04-29,43.906925201416016,18546300,WEGE3
2026-04-30,44.66360092163086,11343400,WEGE3
2026-05-04,44.16579055786133,7037600,WEGE3
2026-05-05,43.34938049316406,7527400,WEGE3
2026-05-06,44.743247985839844,6614900,WEGE3
2026-05-07,44.11600875854492,4182700,WEGE3
2026-05-08,45.32071304321289,10953200,WEGE3
2026-05-11,43.96666717529297,6362800,WEGE3
2026-05-12,43.200035095214844,7511100,WEGE3
2026-05-13,43.12038803100586,9255500,WEGE3
2026-05-14,43.528594970703125,7130800,WEGE3
2026-05-15,42.94117736816406,5283900,WEGE3
2026-05-18,42.154632568359375,6993100,WEGE3
2026-05-19,41.63690948486328,6814600,WEGE3
2026-05-20,42.39358139038086,6975500,WEGE3
2026-05-21,42.28406524658203,3527300,WEGE3
2026-05-22,42.54292678833008,4827600,WEGE3
2026-05-25,43.12038803100586,2514500,WEGE3
2026-05-26,43.24981689453125,3932200,WEGE3
2026-05-27,43.25977325439453,3920700,WEGE3
2026-05-28,43.528594970703125,4259200,WEGE3
2026-05-29,43.906925201416016,25788200,WEGE3
2026-06-01,42.81174087524414,10985100,WEGE3
2026-06-02,41.81612014770508,9991100,WEGE3
2026-06-03,41.597084045410156,6573100,WEGE3
2026-06-05,42.27410888671875,10064100,WEGE3
2026-06-08,43.80736541748047,9657900,WEGE3
2026-06-09,43.14030075073242,9564900,WEGE3
2026-06-10,42.20441436767578,7939100,WEGE3
2026-06-11,42.16458511352539,9103200,WEGE3
2026-06-12,42.4234504699707,5024100,WEGE3
2026-06-15,42.59270477294922,6230000,WEGE3
2026-06-16,42.64249038696289,5226700,WEGE3
2026-06-17,43.608238220214844,9704200,WEGE3
2026-06-18,45.609439849853516,16176500,WEGE3
2026-06-19,44.96228790283203,10422100,WEGE3
2026-06-22,45.156307220458984,5109100,WEGE3
2026-06-23,45.615352630615234,8107300,WEGE3
2026-06-24,46.513492584228516,9621200,WEGE3
2026-06-25,46.40372085571289,7163600,WEGE3
2026-06-26,46.802894592285156,6014600,WEGE3
2026-06-29,46.693119049072266,3248800,WEGE3
2026-06-30,46.812870025634766,6927400,WEGE3
2026-07-01,46.164215087890625,4539000,WEGE3
2026-07-02,46.164215087890625,7406500,WEGE3
2026-07-03,46.38376235961914,2348100,WEGE3
2026-07-06,46.164215087890625,3598900,WEGE3
2026-07-07,45.7750244140625,4428600,WEGE3
2026-07-08,45.256099700927734,3293300,WEGE3
2026-07-09,45.645294189453125,4324900,WEGE3
2026-07-10,46.4136962890625,7150700,WEGE3
2026-07-13,44.29808807373047,10194000,WEGE3
2026-07-14,44.108482360839844,6736400,WEGE3
2026-07-15,44.168357849121094,7916900,WEGE3
2026-07-16,43.39995193481445,5658700,WEGE3
2026-07-17,43.5396614074707,8201000,WEGE3
2026-07-20,43.04069900512695,3975400,WEGE3
2026-07-21,42.38206481933594,8949800,WEGE3
2026-07-22,46.64322280883789,34084500,WEGE3
2026-07-23,45.575435638427734,13598900,WEGE3
2026-07-24,45.894775390625,7721100,WEGE3
2026-07-27,46.30392837524414,12593500,WEGE3
2026-07-28,46.60330581665039,10923600,WEGE3
2026-07-29,45.54549789428711,6456400,WEGE3
2026-07-30,46.72305679321289,7612900,WEGE3
2026-07-31,47.102272033691406,5153000,WEGE3
2026-08-03,48.10020065307617,6927700,WEGE3
2026-08-04,49.06818771362305,6265600,WEGE3
2026-08-05,48.69895553588867,5897400,WEGE3
2026-08-06,48.29978561401367,5958300,WEGE3
2026-08-07,48.020362854003906,6880500,WEGE3
2026-08-10,47.53137969970703,3125400,WEGE3
2026-08-11,47.261940002441406,5572800,WEGE3
2026-08-12,47.541358947753906,8033500,WEGE3
2026-08-13,47.401649475097656,4982500,WEGE3
2026-08-14,47.401649475097656,7327700,WEGE3
2026-08-17,47.8906364440918,7151700,WEGE3
2026-08-18,48.3696403503418,5889600,WEGE3
2026-08-19,48.4095573425293,5763600,WEGE3
2026-08-20,48.29978561401367,5478400,WEGE3
2026-08-21,49.16798400878906,7851700,WEGE3
2026-08-24,48.96839904785156,7208200,WEGE3
2026-08-25,49.47734451293945,10726700,WEGE3
2026-08-26,50.31560134887695,6706500,WEGE3
2026-08-27,50.14595413208008,8768100,WEGE3
2026-08-28,49.87651443481445,3841400,WEGE3
2026-08-31,50.046165466308594,11278700,WEGE3
2026-09-01,49.59709548950195,7960100,WEGE3
2026-09-02,50.73473358154297,9517600,WEGE3
2026-09-03,51.95220947265625,10693400,WEGE3
2026-09-04,51.632869720458984,6753800,WEGE3
2026-09-08,52.54098892211914,7319400,WEGE3
2026-09-09,51.58297348022461,8047200,WEGE3
2026-09-10,52.06197738647461,9970000,WEGE3
2026-09-11,51.38338851928711,6431100,WEGE3
2026-09-14,50.63494110107422,8262100,WEGE3
2026-09-15,50.77465057373047,7058800,WEGE3
2026-09-16,51.17382049560547,6862600,WEGE3
2026-09-17,50.974239349365234,6504800,WEGE3
2026-09-18,51.672786712646484,11143400,WEGE3
2026-09-21,51.08000183105469,8468900,WEGE3
2026-09-22,51.79999923706055,6752500,WEGE3
2026-09-23,51.15999984741211,4820900,WEGE3
2026-09-24,50.7400016784668,6455000,WEGE3
2026-09-25,51.06999969482422,6029900,WEGE3
2026-09-28,50.119998931884766,8194700,WEGE3
2026-09-29,50.290000915527344,13012200,WEGE3
